[
  {
    "id": "ee642c5c-6288-40a2-8057-c4cdf0a230e0",
    "data": [
      {
        "text": "서울한화콘도",
        "meta": "@condo_type",
        "alias": "condo_type",
        "userDefined": false
      },
      {
        "text": " ",
        "userDefined": false
      },
      {
        "text": "6월8일",
        "meta": "@sys.date",
        "alias": "date",
        "userDefined": false
      },
      {
        "text": " ",
        "userDefined": false
      },
      {
        "text": "2",
        "meta": "@sys.number",
        "alias": "number",
        "userDefined": false
      },
      {
        "text": "명",
        "userDefined": false
      },
      {
        "text": " ",
        "userDefined": false
      },
      {
        "text": "부탁",
        "userDefined": false
      }
    ],
    "isTemplate": false,
    "count": 0,
    "lang": "ko",
    "updated": 0
  },
  {
    "id": "d89dba94-9413-4316-809a-67c0376b5ef0",
    "data": [
      {
        "text": "2021년6월8일",
        "meta": "@sys.date",
        "alias": "date",
        "userDefined": false
      },
      {
        "text": " ",
        "userDefined": false
      },
      {
        "text": "제주",
        "meta": "@condo_type",
        "alias": "condo_type",
        "userDefined": false
      },
      {
        "text": " ",
        "userDefined": false
      },
      {
        "text": "3",
        "meta": "@sys.number",
        "alias": "number",
        "userDefined": false
      },
      {
        "text": "명",
        "userDefined": false
      },
      {
        "text": " 예약",
        "userDefined": false
      }
    ],
    "isTemplate": false,
    "count": 0,
    "lang": "ko",
    "updated": 0
  },
  {
    "id": "64cc8201-3c3d-4904-9839-860201fd3c26",
    "data": [
      {
        "text": "3",
        "meta": "@sys.number",
        "alias": "number",
        "userDefined": false
      },
      {
        "text": "명",
        "userDefined": false
      },
      {
        "text": " ",
        "userDefined": false
      },
      {
        "text": "강원롯데콘도",
        "meta": "@condo_type",
        "alias": "condo_type",
        "userDefined": false
      },
      {
        "text": " ",
        "userDefined": false
      },
      {
        "text": "2020년 3월 3일",
        "meta": "@sys.date",
        "alias": "date",
        "userDefined": false
      },
      {
        "text": " 예약",
        "userDefined": false
      },
      {
        "text": "부탁",
        "userDefined": false
      },
      {
        "text": "해요",
        "userDefined": false
      }
    ],
    "isTemplate": false,
    "count": 0,
    "lang": "ko",
    "updated": 0
  },
  {
    "id": "8e693b99-48df-43ff-9457-513606126ef9",
    "data": [
      {
        "text": "2020-03-03",
        "meta": "@sys.date",
        "alias": "date",
        "userDefined": true
      },
      {
        "text": " ",
        "userDefined": false
      },
      {
        "text": "제주신화",
        "meta": "@condo_type",
        "alias": "condo_type",
        "userDefined": false
      },
      {
        "text": " ",
        "userDefined": false
      },
      {
        "text": "4",
        "meta": "@sys.number",
        "alias": "number",
        "userDefined": false
      },
      {
        "text": "명",
        "userDefined": false
      },
      {
        "text": " ",
        "userDefined": false
      },
      {
        "text": "부탁",
        "userDefined": false
      }
    ],
    "isTemplate": false,
    "count": 0,
    "lang": "ko",
    "updated": 0
  }
]