[
  {
    "value": "서울한화콘도",
    "synonyms": [
      "서울한화콘도",
      "서울 한화 콘도",
      "서울 한화",
      "서울한화",
      "서울 콘도",
      "서울콘도",
      "한화 콘도",
      "한화콘도",
      "서울",
      "한화",
      "1",
      "1."
    ]
  },
  {
    "value": "제주신화콘도",
    "synonyms": [
      "제주신화콘도",
      "제주 신화 콘도",
      "제주 신화",
      "제주신화",
      "제주 콘도",
      "제주콘도",
      "신화 콘도",
      "신화콘도",
      "신화",
      "제주",
      "2.",
      "2"
    ]
  },
  {
    "value": "강원롯데콘도",
    "synonyms": [
      "강원롯데콘도",
      "강원 롯데 콘도",
      "강원 롯데",
      "강원롯데",
      "강원 콘도",
      "강원콘도",
      "강원",
      "롯데",
      "3.",
      "3"
    ]
  }
]